<?xml version="1.0" encoding="UTF-8"?>
<!DOCTYPE hibernate-configuration PUBLIC "-//Hibernate/Hibernate Configuration DTD 3.0//EN"
                                         "http://www.hibernate.org/dtd/hibernate-configuration-3.0.dtd">
<hibernate-configuration>
 <session-factory name="">
  <property name="hibernate.connection.driver_class">com.mysql.jdbc.Driver</property>
  <property name="hibernate.connection.password">root</property>
  <property name="hibernate.connection.url">jdbc:mysql://localhost:3306/hope</property>
  <property name="hibernate.connection.username">root</property>
  <property name="hibernate.dialect">org.hibernate.dialect.MySQLDialect</property>
  <property name="hibernate.current_session_context_class">thread</property>
  
  <mapping class="entity.BaseTemplate"/>
  <mapping class="entity.BaseTemplateId"/>
  <mapping class="entity.Context"/>
  <mapping class="entity.ContextId"/>
  <mapping class="entity.Document"/>
  <mapping class="entity.DocumentTemplate"/>
  <mapping class="entity.DocumentTemplateId"/>
  <mapping class="entity.Domain"/>
  <mapping class="entity.Feature"/>
  <mapping class="entity.FieldType"/>
  <mapping class="entity.Fragment"/>
  <mapping class="entity.FragmentId"/>
  <mapping class="entity.FulfillmentConfiguration"/>
  <mapping class="entity.FulfillmentConfigurationId"/>
  <mapping class="entity.IceUser"/>
  <mapping class="entity.Image"/>
  <mapping class="entity.Role"/>
  <mapping class="entity.StandardVariable"/>
  <mapping class="entity.StandardVariableSet"/>
  <mapping class="entity.StyleSheet"/>
  <mapping class="entity.StyleSheetId"/>
  <mapping class="entity.Subdomain"/>
  <mapping class="entity.SubdomainId"/>
  <mapping class="entity.Variable"/>
  <mapping class="entity.VariableId"/>
  
 </session-factory>
</hibernate-configuration>
