<?xml version="1.0" encoding="UTF-8"?>
<!DOCTYPE hibernate-reverse-engineering PUBLIC "-//Hibernate/Hibernate Reverse Engineering DTD 3.0//EN" "http://hibernate.sourceforge.net/hibernate-reverse-engineering-3.0.dtd" >

<hibernate-reverse-engineering>
  <table-filter match-catalog="hope" match-name="base_template"/>
  <table-filter match-catalog="hope" match-name="context"/>
  <table-filter match-catalog="hope" match-name="document"/>
  <table-filter match-catalog="hope" match-name="document_template"/>
  <table-filter match-catalog="hope" match-name="domain"/>
  <table-filter match-catalog="hope" match-name="feature"/>
  <table-filter match-catalog="hope" match-name="field_type"/>
  <table-filter match-catalog="hope" match-name="fragment"/>
  <table-filter match-catalog="hope" match-name="fulfillment_configuration"/>
  <table-filter match-catalog="hope" match-name="ice_user"/>
  <table-filter match-catalog="hope" match-name="image"/>
  <table-filter match-catalog="hope" match-name="role"/>
  <table-filter match-catalog="hope" match-name="standard_variable"/>
  <table-filter match-catalog="hope" match-name="standard_variable_set"/>
  <table-filter match-catalog="hope" match-name="style_sheet"/>
  <table-filter match-catalog="hope" match-name="subdomain"/>
  <table-filter match-catalog="hope" match-name="variable"/>
</hibernate-reverse-engineering>